{
  "images" : [
    {
      "idiom" : "iphone",
      "scale" : "1x",
      "filename" : "launcherscreen.png"
    },
    {
      "idiom" : "iphone",
      "scale" : "2x"
    },
    {
      "idiom" : "iphone",
      "scale" : "3x"
    },
    {
      "idiom" : "ipad",
      "scale" : "1x"
    },
    {
      "idiom" : "ipad",
      "scale" : "2x"
    },
    {
      "idiom" : "watch",
      "scale" : "2x"
    },
    {
      "idiom" : "watch",
      "screenWidth" : "{130,145}",
      "scale" : "2x"
    },
    {
      "idiom" : "watch",
      "screenWidth" : "{146,165}",
      "scale" : "2x"
    }
  ],
  "info" : {
    "version" : 1,
    "author" : "xcode"
  }
}